Index,Diagnosis
0,Бактериальная кишечная инфекция неуточненная
1,Неизвестный диагноз
2,"Коклюш, вызванный Bordetella pertussis"
3,Болезнь Лайма
4,Дальневосточный клещевой энцефалит [русский весенне-летний энцефалит]
5,Неизвестный диагноз
6,Другие формы герпетических инфекций
7,Герпетическая инфекция неуточненная
8,Неизвестный диагноз
9,Неизвестный диагноз
10,Опоясывающий лишай с другими осложнениями
11,Опоясывающий лишай без осложнений
12,Неизвестный диагноз
13,Неизвестный диагноз
14,Хронический вирусный гепатит B без дельта-агента
15,Хронический вирусный гепатит C
16,Хронический вирусный гепатит неуточненный
17,Другие цитомегаловирусные болезни
18,Неизвестный диагноз
19,Инфекционный мононуклеоз неуточненный
20,Микоз ногтей
21,Микоз стоп
22,Эпидермофития паховая
23,Разноцветный лишай
24,Кандидоз кожи и ногтей
25,Неизвестный диагноз
26,Неизвестный диагноз
27,Описторхоз
28,Папилломавирусы
29,Неизвестный диагноз
30,Неизвестный диагноз
31,Неизвестный диагноз
32,Головки поджелудочной железы
33,Неизвестный диагноз
34,Молочной железы неуточненной части
35,"Поражение шейки матки, выходящее за пределы одной и более вышеуказанных локализаций"
36,Неизвестный диагноз
37,"Большого мозга, кроме долей и желудочков"
38,Лобной доли
39,Неизвестный диагноз
40,Неизвестный диагноз
41,Поперечной ободочной кишки
42,Желудка
43,Внепеченочных желчных протоков
44,Гортани
45,Бронха и легкого
46,Дыхательной системы неуточненной локализации
47,Коротких костей верхней конечности
48,Костей и суставных хрящей неуточненных
49,Доброкачественное новообразование жировой ткани кожи и подкожной клетчатки туловища
50,Доброкачественное новообразование жировой ткани кожи и подкожной клетчатки конечностей
51,Доброкачественное новообразование жировой ткани кожи и подкожной клетчатки других и неуточненных локализаций
52,Доброкачественное новообразование жировой ткани органов грудной клетки
53,"Соединительной и других мягких тканей головы, лица и шеи"
54,"Соединительной и других мягких тканей верхней конечности, включая область плечевого пояса"
55,"Соединительной и других мягких тканей нижней конечности, включая тазобедренную область"
56,Кожи других и неуточненных частей лица
57,Кожи волосистой части головы и шеи
58,Кожи туловища
59,"Кожи нижней конечности, включая область тазобедренного"
60,Неизвестный диагноз
61,Подслизистая лейомиома матки
62,Интрамуральная лейомиома матки
63,Субсерозная лейомиома матки
64,Неизвестный диагноз
65,Мужских половых органов неуточненной локализации
66,Почки
67,Мочевого пузыря
68,Оболочек головного мозга
69,Головного мозга над мозговым наметом
70,Неизвестный диагноз
71,Надпочечника
72,Лимфатических узлов
73,"Трахеи, бронхов и легкого"
74,Матки
75,Неизвестный диагноз
76,Головного мозга неуточненное
77,Кожи
78,Молочной железы
79,Железодефицитная анемия неуточненная
80,Анемия неуточненная
81,Неизвестный диагноз
82,Неизвестный диагноз
83,Другие иммунодефициты с преимущественным дефектом антител
84,Комбинированный иммунодефицит неуточненный
85,"Иммунодефицит, связанный со значительным дефектом, неуточненный"
86,Иммунодефицит неуточненный
87,Саркоидоз легких
88,Саркоидоз лимфатических узлов
89,Саркоидоз легких с саркоидозом лимфатических узлов
90,"Диффузный (эндемический) зоб, связанный с йодной недостаточностью"
91,"Многоузловой (эндемический) зоб, связанный с йодной недостаточностью"
92,"Зоб (эндемический), связанный с йодной недостаточностью, неуточненный"
93,"Другие болезни щитовидной железы, связанные с йодной недостаточностью, и сходные состояния"
94,Неизвестный диагноз
95,"Гипотиреоз, вызванный медикаментами и другими экзогенными веществами"
96,Другие уточненные гипотиреозы
97,Гипотиреоз неуточненный
98,Нетоксический диффузный зоб
99,Нетоксический одноузловой зоб
100,Нетоксический многоузловой зоб
101,Тиреотоксикоз с диффузным зобом
102,Тиреотоксикоз с токсическим одноузловым зобом
103,Тиреотоксикоз с токсическим многоузловым зобом
104,Другие формы тиреотоксикоза
105,Тиреотоксикоз неуточненный
106,Подострый тиреоидит
107,Хронический тиреоидит с преходящим тиреотоксикозом
108,Аутоиммунный тиреоидит
109,Медикаментозный тиреоидит
110,Болезнь щитовидной железы неуточненная
111,Неизвестный диагноз
112,Неизвестный диагноз
113,Неизвестный диагноз
114,Неизвестный диагноз
115,Неизвестный диагноз
116,Неизвестный диагноз
117,Неизвестный диагноз
118,Неизвестный диагноз
119,Неизвестный диагноз
120,Неизвестный диагноз
121,Неизвестный диагноз
122,Неизвестный диагноз
123,Другие уточненные нарушения внутренней секреции поджелудочной железы
124,Нарушение внутренней секреции поджелудочной железы неуточненное
125,Идиопатический гипопаратиреоз
126,Первичный гиперпаратиреоз
127,"Вторичный гиперпаратиреоз, не классифицированный в других рубриках"
128,Гиперпаратиреоз неуточненный
129,Гиперпролактинемия
130,Гиперфункция гипофиза неуточненная
131,Гипопитуитаризм
132,"Дисфункция гипоталамуса, не классифицированная в других рубриках"
133,Другие болезни гипофиза
134,Болезнь гипофиза неуточненная
135,"Врожденные адреногенитальные нарушения, связанные с дефицитом ферментов"
136,Другие адреногенитальные нарушения
137,Адреногенитальное нарушение неуточненное
138,Другие виды гиперсекреции коры надпочечников
139,Первичная недостаточность коры надпочечников
140,Медикаментозная недостаточность коры надпочечников
141,Гиперфункция мозгового слоя надпочечников
142,Болезнь надпочечников неуточненная
143,Избыток эстрогенов
144,Избыток андрогенов
145,Синдром поликистоза яичников
146,Первичная яичниковая недостаточность
147,Другие виды дисфункции яичников
148,Дисфункция яичников неуточненная
149,Гипофункция яичек
150,Другие виды дисфункции яичек
151,Дисфункция яичек неуточненная
152,Аутоиммунная полигландулярная недостаточность
153,Неизвестный диагноз
154,Легкая белково-энергетическая недостаточность
155,Недостаточность витамина D неуточненная
156,Недостаточность железа
157,"Ожирение, обусловленное избыточным поступлением энергетических ресурсов"
158,"Крайняя степень ожирения, сопровождаемая альвеолярной гиповентиляцией"
159,Другие формы ожирения
160,Другие уточненные нарушения обмена углеводов
161,Нарушение обмена углеводов неуточненное
162,Другие нарушения обмена липопротеинов
163,Гиперурикемия без признаков воспалительного артрита и подагрических узлов
164,Синдром Жильберта
165,Нарушения обмена кальция
166,"Гипотиреоидизм, возникший после медицинских процедур"
167,Неизвестный диагноз
168,Другие фобические тревожные расстройства
169,Паническое расстройство [эпизодическая пароксизмальная тревожность]
170,Другие уточненные тревожные расстройства
171,Другие обсессивно-компульсивные расстройства
172,Неизвестный диагноз
173,Соматоформная дисфункция вегетативной нервной системы
174,Неизвестный диагноз
175,Неизвестный диагноз
176,Другие соматоформные расстройства
177,Соматоформное расстройство неуточненное
178,Другие уточненные невротические расстройства
179,Невротическое расстройство неуточненное
180,Бессонница неорганической этиологии
181,Снохождение [сомнамбулизм]
182,Неизвестный диагноз
183,Тики неуточненные
184,Энурез неорганической природы
185,Неизвестный диагноз
186,Поздняя мозжечковая атаксия
187,Другая наследственная атаксия
188,Наследственная атаксия неуточненная
189,Болезнь двигательного неврона
190,Неизвестный диагноз
191,Неизвестный диагноз
192,"Другие формы вторичного паркинсонизма, вызванного лекарственными средствами"
193,"Вторичный паркинсонизм, вызванный другими внешними факторами"
194,Неизвестный диагноз
195,Другие формы вторичного паркинсонизма
196,Вторичный паркинсонизм неуточненный
197,Прогрессирующая надъядерная офтальмоплегия [Стила-Ричардсона-Ольшевского]
198,Стриатонигральная дегенерация
199,Другие уточненные дегенеративные болезни базальных ганглиев
200,Неизвестный диагноз
201,Идиопатическая несемейная дистония
202,Спастическая кривошея
203,Идиопатическая рото-лицевая дистония
204,Блефароспазм
205,Прочие дистонии
206,Дистония неуточненная
207,Неизвестный диагноз
208,Эссенциальный тремор
209,Другие уточненные формы тремора
210,"Тики, вызванные лекарственными средствами, и другие тики органического происхождения"
211,Другие уточненные экстрапирамидные и двигательные нарушения
212,Неизвестный диагноз
213,Ранняя болезнь Альцгеймера
214,Поздняя болезнь Альцгеймера
215,Неизвестный диагноз
216,Дегенеративная болезнь нервной системы неуточненная
217,Неизвестный диагноз
218,Неизвестный диагноз
219,Неизвестный диагноз
220,Острый поперечный миелит при демиелинизирующей болезни центральной нервной системы
221,Другие уточненные демиелинизирующие болезни центральной нервной системы
222,Демиелинизирующая болезнь центральной нервной системы неуточненная
223,Неизвестный диагноз
224,Локализованная (фокальная) (парциальная) идиопатическая эпилепсия и эпилептические синдромы с судорожными припадками с фокальным началом
225,Локализованная (фокальная) (парциальная) симптоматическая эпилепсия и эпилептические синдромы с простыми парциальными припадками
226,Локализованная (фокальная) (парциальная) симптоматическая эпилепсия и эпилептические синдромы с комплексными парциальными судорожными припадками
227,Генерализованная идиопатическая эпилепсия и эпилептические синдромы
228,Особые эпилептические синдромы
229,Припадки grand mal неуточненные (с малыми припадками [petit mal] или без них)
230,Малые припадки [petit mal] неуточненные без припадков grand mal
231,Эпилепсия неуточненная
232,Эпилептический статус grand mal (судорожных припадков)
233,Неизвестный диагноз
234,Мигрень без ауры [простая мигрень]
235,Мигрень с аурой [классическая мигрень]
236,Мигрень неуточненная
237,Неизвестный диагноз
238,"Сосудистая головная боль, не классифицированная в других рубриках"
239,Головная боль напряженного типа
240,"Головная боль, вызванная применением лекарственных средств, не классифицированная в других рубриках"
241,Другой уточненный синдром головной боли
242,Транзиторная глобальная [преходящая полная] амнезия
243,Транзиторная церебральная ишемическая атака неуточненная
244,Неизвестный диагноз
245,Неизвестный диагноз
246,Нарушения засыпания и поддержания сна [бессонница]
247,Нарушения цикличности сна и бодрствования
248,Другие нарушения сна
249,Нарушение сна неуточненное
250,Неизвестный диагноз
251,Невралгия тройничного нерва
252,Атипичная лицевая боль
253,Другие поражения тройничного нерва
254,Паралич Белла
255,Клонический гемифациальный спазм
256,Лицевая миокимия
257,Другие поражения лицевого нерва
258,Поражения других уточненных черепных нервов
259,Неизвестный диагноз
260,Поражения пояснично-крестцового сплетения
261,"Поражения шейных корешков, не классифицированные в других рубриках"
262,"Поражения грудных корешков, не классифицированные в других рубриках"
263,"Поражения пояснично-крестцовых корешков, не классифицированные в других рубриках"
264,Другие поражения нервных корешков и сплетений
265,Поражение нервных корешков и сплетений неуточненное
266,Неизвестный диагноз
267,Синдром запястного канала
268,Поражение локтевого нерва
269,Неизвестный диагноз
270,Поражение бедренного нерва
271,Другие мононевралгии нижней конечности
272,Межреберная невропатия
273,Мононевропатия неуточненная
274,Наследственная моторная и сенсорная невропатия
275,Другие наследственные и идиопатические невропатии
276,Другие воспалительные полиневропатии
277,Воспалительная полиневропатия неуточненная
278,Неизвестный диагноз
279,Другие уточненные полиневропатии
280,Полиневропатия неуточненная
281,Неизвестный диагноз
282,Неизвестный диагноз
283,Неизвестный диагноз
284,Неизвестный диагноз
285,Неизвестный диагноз
286,Myasthenia gravis [тяжелая миастения]
287,Нарушение нервно-мышечного синапса неуточненное
288,Неизвестный диагноз
289,Неизвестный диагноз
290,Неизвестный диагноз
291,Неизвестный диагноз
292,Спастическая гемиплегия
293,Неизвестный диагноз
294,Идиопатическая периферическая вегетативная невропатия
295,Синдром Горнера
296,Полисистемная дегенерация
297,Другие расстройства вегетативной [автономной] нервной системы
298,Расстройство вегетативной [автономной] нервной системы неуточненное
299,Энцефалопатия неуточненная
300,Другие уточненные поражения головного мозга
301,Неизвестный диагноз
302,Другие уточненные поражения центральной нервной системы
303,Поражение центральной нервной системы неуточненное
304,Неизвестный диагноз
305,Острый конъюнктивит неуточненный
306,Хронический конъюнктивит
307,Блефароконъюнктивит
308,Другие конъюнктивиты
309,Конъюнктивит неуточненный
310,Другие конъюнктивальные васкулярные болезни и кисты
311,Болезнь конъюнктивы неуточненная
312,Дегенерация роговицы
313,Начальная старческая катаракта
314,Старческая ядерная катаракта
315,Осложненная катаракта
316,Другие хориоретинальные воспаления
317,Фоновая ретинопатия и ретинальные сосудистые изменения
318,Подозрение на глаукому
319,Болезнь глазного яблока неуточненная
320,Отек диска зрительного нерва неуточненный
321,Гиперметропия
322,Миопия
323,Астигматизм
324,Пресбиопия
325,Неизвестный диагноз
326,Другие инфекционные наружные отиты
327,Наружный отит неуточненный
328,Серная пробка
329,Болезнь наружного уха неуточненная
330,Неизвестный диагноз
331,Неизвестный диагноз
332,Острый средний серозный отит
333,Другие острые негнойные средние отиты
334,Хронический туботимпанальный гнойный средний отит
335,Адгезивная болезнь среднего уха
336,Болезнь Меньера
337,Доброкачественное параксизмальное головокружение
338,Другие периферические головокружения
339,Головокружение центрального происхождения
340,Другие нарушения вестибулярной функции
341,Нарушение вестибулярной функции неуточненное
342,Шумовые эффекты внутреннего уха
343,Нейросенсорная потеря слуха двусторонняя
344,Нейросенсорная потеря слуха односторонняя с нормальным слухом на противоположном ухе
345,Смешанная кондуктивная и нейросенсорная тугоухость неуточненная
346,Шум в ушах (субъективный)
347,"и I05.2-I05.9, уточненные или не уточненные как ревматические"
348,Сочетанные поражения митрального и трехстворчатого клапанов
349,Неизвестный диагноз
350,Гипертензивная [гипертоническая] болезнь с преимущественным поражением сердца с (застойной) сердечной недостаточностью
351,Гипертензивная [гипертоническая] болезнь с преимущественным поражением сердца без (застойной) сердечной недостаточности
352,Вторичная гипертензия неуточненная
353,Нестабильная стенокардия
354,Другие формы стенокардии
355,Стенокардия неуточненная
356,Неизвестный диагноз
357,Острая ишемическая болезнь сердца неуточненная
358,Перенесенный в прошлом инфаркт миокарда
359,Другие формы хронической ишемической болезни сердца
360,Хроническая ишемическая болезнь сердца неуточненная
361,Легочная эмболия без упоминания об остром легочном сердце
362,Аортальный (клапанный) стеноз
363,Другие кардиомиопатии
364,Кардиомиопатия неуточненная
365,Пароксизмальная тахикардия неуточненная
366,Фибрилляция и трепетание предсердий
367,Неизвестный диагноз
368,Неизвестный диагноз
369,Неизвестный диагноз
370,Фибрилляция и трепетание желудочков
371,Преждевременная деполяризация желудочков
372,Другие уточненные нарушения сердечного ритма
373,Нарушение сердечного ритма неуточненное
374,Миокардит неуточненный
375,Неизвестный диагноз
376,"Инфаркт мозга, вызванный неуточненной закупоркой или стенозом мозговых артерий"
377,Закупорка и стеноз позвоночной артерии
378,Другие уточненные поражения сосудов мозга
379,Цереброваскулярная болезнь неуточненная
380,Неизвестный диагноз
381,Последствия инфаркта мозга
382,"Последствия инсульта, не уточненные как кровоизлияние или инфаркт мозга"
383,Последствия других и неуточненных цереброваскулярных болезней
384,Неизвестный диагноз
385,Атеросклероз артерий конечностей
386,Атеросклероз других артерий
387,Синдром Рейно
388,Эмболия и тромбоз артерий верхних конечностей
389,Эмболия и тромбоз неуточненных артерий
390,Другие уточненные изменения артерий и артериол
391,Невус неопухолевый
392,Неизвестный диагноз
393,Неизвестный диагноз
394,Флебит и тромбофлебит других глубоких сосудов нижних конечностей
395,Неизвестный диагноз
396,Эмболия и тромбоз других уточненных вен
397,Неизвестный диагноз
398,Варикозное расширение вен нижних конечностей без язвы или воспаления
399,Варикозное расширение вен мошонки
400,Варикозное расширение вен таза
401,Варикозное расширение вен других уточненных локализаций
402,Неизвестный диагноз
403,Венозная недостаточность (хроническая) (периферическая)
404,Другие уточненные поражения вен
405,Неизвестный диагноз
406,Другие неспецифические лимфадениты
407,Неспецифический лимфаденит неуточненный
408,Неинфекционная болезнь лимфатических сосудов и лимфатических узлов неуточненная
409,Неизвестный диагноз
410,Другие и неуточненные нарушения системы кровообращения
411,Неизвестный диагноз
412,Неизвестный диагноз
413,Острый верхнечелюстной синусит
414,Острый синусит неуточненный
415,Неизвестный диагноз
416,Острый фарингит неуточненный
417,Неизвестный диагноз
418,Острый тонзиллит неуточненный
419,Острый ларингит
420,Острый ларинготрахеит
421,Неизвестный диагноз
422,Острый ларингофарингит
423,Другие острые инфекции верхних дыхательных путей множественной локализации
424,Острая инфекция верхних дыхательных путей неуточненная
425,"Грипп с другими проявлениями, вирус не идентифицирован"
426,Вирусная пневмония неуточненная
427,"Другая пневмония, возбудитель неуточнен"
428,Пневмония неуточненная
429,Острый бронхит неуточненный
430,Неизвестный диагноз
431,Неизвестный диагноз
432,Вазомоторный ринит
433,"Аллергический ринит, вызванный пыльцой растений"
434,Другие аллергические риниты
435,Аллергический ринит неуточненный
436,Хронический ринит
437,Хронический назофарингит
438,Хронический фарингит
439,Неизвестный диагноз
440,Хронический верхнечелюстной синусит
441,Хронический синусит неуточненный
442,Киста или мукоцеле носового синуса
443,Смещенная носовая перегородка
444,Другие уточненные болезни носа и носовых синусов
445,Хронический тонзиллит
446,Гипертрофия миндалин с гипертрофией аденоидов
447,Другие хронические болезни миндалин и аденоидов
448,Хроническая болезнь миндалин и аденоидов неуточненная
449,Хронический ларингит
450,"Реакция повышенной чувствительности верхних дыхательных путей, локализация не уточнена"
451,Другие уточненные болезни верхних дыхательных путей
452,Неизвестный диагноз
453,Простой хронический бронхит
454,Слизисто-гнойный хронический бронхит
455,Неизвестный диагноз
456,Хроническая обструктивная легочная болезнь с острой респираторной инфекцией нижних дыхательных путей
457,Другая уточненная хроническая обструктивная легочная болезнь
458,Хроническая обструктивная легочная болезнь неуточненная
459,Астма с преобладанием аллергического компонента
460,Неаллергическая астма
461,Смешанная астма
462,Астма неуточненная
463,Неизвестный диагноз
464,Неизвестный диагноз
465,Другие интерстициальные легочные болезни с упоминанием о фиброзе
466,Другие уточненные интерстициальные легочные болезни
467,Интерстициальная легочная болезнь неуточненная
468,Абсцесс легкого с пневмонией
469,Респираторное нарушение неуточненное
470,Острый гингивит
471,Болезни височно-нижнечелюстного сустава
472,Болезнь челюсти неуточненная
473,Рецидивирующие афты полости рта
474,Неизвестный диагноз
475,Гастроэзофагеальный рефлюкс с эзофагитом
476,Гастроэзофагеальный рефлюкс без эзофагита
477,Неизвестный диагноз
478,Неизвестный диагноз
479,Неизвестный диагноз
480,Неизвестный диагноз
481,Неизвестный диагноз
482,Неизвестный диагноз
483,Неизвестный диагноз
484,Острый геморрагический гастрит
485,Хронический поверхностный гастрит
486,Хронический атрофический гастрит
487,Хронический гастрит неуточненный
488,Другие гастриты
489,Гастрит неуточненный
490,Дуоденит
491,Гастродуоденит неуточненный
492,Неизвестный диагноз
493,Неизвестный диагноз
494,Другие уточненные болезни желудка и двенадцатиперстной кишки
495,Неизвестный диагноз
496,Неизвестный диагноз
497,Неизвестный диагноз
498,Другие формы аппендицита
499,Двусторонняя паховая грыжа с непроходимостью без гангрены
500,Двусторонняя паховая грыжа без непроходимости или гангрены
501,Односторонняя или неуточненная паховая грыжа без непроходимости или гангрены
502,Пупочная грыжа без непроходимости или гангрены
503,Грыжа передней брюшной стенки с непроходимостью без гангрены
504,Неизвестный диагноз
505,Грыжа передней брюшной стенки без непроходимости или гангрены
506,Диафрагмальная грыжа без непроходимости или гангрены
507,Болезнь Крона тонкой кишки
508,Болезнь Крона толстой кишки
509,Болезнь Крона неуточненная
510,Язвенный (хронический) энтероколит
511,Язвенный (хронический) илеоколит
512,Язвенный (хронический) проктит
513,Язвенный (хронический) ректосигмоидит
514,Язвенный колит неуточненный
515,Неизвестный диагноз
516,Неинфекционный гастроэнтерит и колит неуточненный
517,Дивертикулярная болезнь тонкой кишки без прободения или абсцесса
518,Дивертикулярная болезнь толстой кишки с прободением и абсцессом
519,Дивертикулярная болезнь толстой кишки без прободения или абсцесса
520,Неизвестный диагноз
521,Синдром раздраженного кишечника с диареей
522,Синдром раздраженного кишечника без диареи
523,Неизвестный диагноз
524,Запор
525,"Мегаколон, не классифицированный в других рубриках"
526,Другие уточненные функциональные кишечные нарушения
527,Острая трещина заднего прохода
528,Хроническая трещина заднего прохода
529,Полип прямой кишки
530,Энтероптоз
531,Неизвестный диагноз
532,Неизвестный диагноз
533,Брюшинные спайки
534,Хронический гепатит неуточненный
535,Другой и неуточненный цирроз печени
536,Другие уточненные болезни печени
537,Болезнь печени неуточненная
538,Неизвестный диагноз
539,Камни желчного пузыря с другим холециститом
540,Камни желчного протока с холециститом
541,Камни желчного протока без холангита или холецистита
542,Другие формы холелитиаза
543,Острый холецистит
544,Хронический холецистит
545,Другие формы холецистита
546,Холецистит неуточненный
547,Другие уточненные болезни желчного пузыря
548,Холангит
549,Болезнь желчевыводящих путей неуточненная
550,Другие хронические панкреатиты
551,Болезнь органов пищеварения неуточненная
552,Импетиго [вызванное любым организмом] [любой локализации]
553,"Абсцесс кожи, фурункул и карбункул шеи"
554,"Абсцесс кожи, фурункул и карбункул туловища"
555,"Абсцесс кожи, фурункул и карбункул конечности"
556,"Абсцесс кожи, фурункул и карбункул других локализаций"
557,Флегмона пальцев кисти и стопы
558,Неизвестный диагноз
559,"Острый лимфаденит лица, головы и шеи"
560,Острый лимфаденит верхней конечности
561,Пилонидальная киста без абсцесса
562,Пиодермия
563,Другие уточненные местные инфекции кожи и подкожной клетчатки
564,Местная инфекция кожи и подкожной клетчатки неуточненная
565,Приобретенный кератоз фолликулярный
566,Буллезные изменения неуточненные
567,Другие атопические дерматиты
568,Атопический дерматит неуточненный
569,Себорея головы
570,Другой себорейный дерматит
571,Себорейный дерматит неуточненный
572,Пеленочный дерматит
573,Неизвестный диагноз
574,"Аллергический контактный дерматит, вызванный лекарственными средствами при их контакте с кожей"
575,"Аллергический контактный дерматит, вызванный другими химическими веществами"
576,"Аллергический контактный дерматит, вызванный растениями, кроме пищевых"
577,"Аллергический контактный дерматит, вызванный другими веществами"
578,"Аллергический контактный дерматит, причина не уточнена"
579,"Простой раздражительный контактный дерматит, причина неуточнена"
580,"Неуточненный контактный дерматит, вызванный другими химическими веществами"
581,"Неуточненный контактный дерматит, вызванный растениями, кроме пищевых"
582,"Неуточненный контактный дерматит, причина не уточнена"
583,"Дерматит, вызванный неуточненными веществами, принятыми внутрь"
584,Другая почесуха
585,Неизвестный диагноз
586,Монетовидная экзема
587,Инфекционный дерматит
588,Другой уточненный дерматит
589,Дерматит неуточненный
590,Псориаз обыкновенный
591,Псориаз каплевидный
592,Неизвестный диагноз
593,Другой псориаз
594,Псориаз неуточненный
595,Мелкобляшечный парапсориаз
596,Неизвестный диагноз
597,Другой красный плоский лишай
598,Лишай красный плоский неуточненный
599,Аллергическая крапивница
600,Идиопатическая крапивница
601,Контактная крапивница
602,Крапивница неуточненная
603,Эритема узловатая
604,Вросший ноготь
605,Дистрофия ногтя
606,Другие болезни ногтей
607,Алопеция универсальная
608,Другая гнездная алопеция
609,Гнездная алопеция неуточненная
610,Другая андрогенная алопеция
611,Андрогенная алопеция неуточненная
612,Телогенное выпадение волос
613,Рубцующая алопеция неуточненная
614,Угри обыкновенные
615,Другие угри
616,Угри неуточненные
617,Периоральный дерматит
618,Другой вид розацеа
619,Розацеа неуточненного вида
620,Другие фолликулярные кисты кожи и подкожной клетчатки
621,Угри келоидные
622,Другие уточненные болезни фолликулов
623,Себорейный кератоз
624,Приобретенный кератоз [кератодермия] ладонно-подошвенный
625,Ксероз кожи
626,"Некробиоз липоидный, не классифицированный в других рубриках"
627,"Гранулема кожи и подкожной клетчатки, вызванная инородным телом"
628,Локализованная склеродермия [morphea]
629,Локализованное изменение соединительной ткани неуточненное
630,Васкулит с мраморной кожей
631,Другие уточненные болезни кожи и подкожной клетчатки
632,Поражение кожи и подкожной клетчатки неуточненное
633,Неизвестный диагноз
634,Другие реактивные артропатии
635,Реактивная артропатия неуточненная
636,Неизвестный диагноз
637,Другие серопозитивные ревматоидные артриты
638,Серонегативный ревматоидный артрит
639,Воспалительная полиартропатия
640,Ревматоидный артрит неуточненный
641,Юношеский артрит с системным началом
642,Неизвестный диагноз
643,Идиопатическая подагра
644,Подагра неуточненная
645,"Другие уточненные артропатии, не классифицированные в других рубриках"
646,Полиартрит неуточненный
647,"Моноартрит, не классифицированный в других рубриках"
648,Артрит неуточненный
649,Неизвестный диагноз
650,Неизвестный диагноз
651,Первичный генерализованный (остео)артроз
652,Узлы Гебердена (с артропатией)
653,Другой полиартроз
654,Полиартроз неуточненный
655,Первичный коксартроз двусторонний
656,Другой первичный коксартроз
657,Коксартроз в результате дисплазии двусторонний
658,Другие диспластические коксартрозы
659,Другие вторичные коксартрозы двусторонние
660,Другие вторичные коксартрозы
661,Неизвестный диагноз
662,Первичный гонартроз двусторонний
663,Другой первичный гонартроз
664,Посттравматический гонартроз двусторонний
665,Другие посттравматические гонартрозы
666,Другие вторичные гонартрозы двусторонние
667,Другие вторичные гонартрозы
668,Гонартроз неуточненный
669,Неизвестный диагноз
670,Первичный артроз других суставов
671,Посттравматический артроз других суставов
672,Другой вторичный артроз
673,Другой уточненный артроз
674,Артроз неуточненный
675,Неизвестный диагноз
676,Плоская стопа [pes planus] (приобретенная)
677,Хроническая нестабильность коленного сустава
678,Боль в суставе
679,Болезнь сустава неуточненная
680,Узелковый полиартериит
681,Другие уточненные некротизирующие васкулопатии
682,Неизвестный диагноз
683,Лекарственная системная красная волчанка
684,Неизвестный диагноз
685,Системная красная волчанка неуточненная
686,Другие дерматомиозиты
687,Прогрессирующий системный склероз
688,Синдром CR(E)ST
689,Сухой синдром [Шегрена]
690,Другие перекрестные синдромы
691,Болезнь Бехчета
692,Ревматическая полимиалгия
693,"Гипермобильный синдром разболтанности, излишней подвижности"
694,Другие идиопатические сколиозы
695,Неизвестный диагноз
696,Остеохондроз позвоночника у взрослых
697,Остеохондроз позвоночника неуточненный
698,Деформирующая дорсопатия неуточненная
699,Неизвестный диагноз
700,"Сакроилеит, не классифицированный в других рубриках"
701,Другие уточненные воспалительные спондилопатии
702,Воспалительные спондилопатии неуточненные
703,Спинальный стеноз
704,Неизвестный диагноз
705,Поражение межпозвоночного диска шейного отдела с радикулопатией
706,Смещение межпозвоночного диска шейного отдела другого типа
707,Другие поражения межпозвоночного диска шейного отдела
708,Поражения межпозвоночных дисков поясничного и других отделов с радикулопатией
709,Другое уточненное смещение межпозвоночного диска
710,Другая уточненная дегенерация межпозвоночного диска
711,Другое уточненное поражение межпозвоночного диска
712,Неизвестный диагноз
713,Шейно-черепной синдром
714,Шейно-плечевой синдром
715,Дорсопатия неуточненная
716,Неизвестный диагноз
717,Радикулопатия
718,Цервикалгия
719,Ишиас
720,Люмбаго с ишиасом
721,Боль внизу спины
722,Боль в грудном отделе позвоночника
723,Другая дорзалгия
724,Дорзалгия неуточненная
725,Миозит неуточненный
726,Неизвестный диагноз
727,Другие уточненные поражения мышц
728,Неизвестный диагноз
729,Щелкающий палец
730,Другие синовиты и теносиновиты
731,Синовит и теносиновит неуточненный
732,Неизвестный диагноз
733,Другие уточненные поражения синовиальной оболочки и сухожилия
734,Бурсит локтевого отростка
735,Другие бурситы локтевого сустава
736,Другие бурситы коленного сустава
737,"Болезни мягких тканей, связанные с нагрузкой, перегрузкой и давлением неуточненные"
738,Неизвестный диагноз
739,Другая киста синовиальной сумки
740,Другие уточненные бурсопатии
741,Ладонный фасциальный фиброматоз [Дюпюитрена]
742,Неизвестный диагноз
743,Адгезивный капсулит плеча
744,Другие поражения плеча
745,Поражение плеча неуточненное
746,Тендинит пяточного [ахиллова] сухожилия
747,Неизвестный диагноз
748,Латеральный эпикондилит
749,Пяточная шпора
750,Метатарзалгия
751,Миалгия
752,Невралгия и неврит неуточненные
753,Неизвестный диагноз
754,Постменопаузный остеопороз с патологическим переломом
755,Остеопороз с патологическим переломом неуточненный
756,Неизвестный диагноз
757,Постменопаузный остеопороз
758,Остеопороз неуточненный
759,Неизвестный диагноз
760,Неизвестный диагноз
761,Другие уточненные поражения костей
762,Синдром хрящевых реберных соединений [Титце]
763,Приобретенные деформации костно-мышечной системы неуточненные
764,Биомеханическое нарушение неуточненное
765,Неизвестный диагноз
766,Хронический обструктивный пиелонефрит
767,Другие хронические тубулоинтерстициальные нефриты
768,Хронический тубулоинтерстициальный нефрит неуточненный
769,Неизвестный диагноз
770,"Гидронефроз со стриктурой мочеточника, не классифицированный в других рубриках"
771,Неизвестный диагноз
772,Неизвестный диагноз
773,Неизвестный диагноз
774,Камни почки
775,Камни мочеточника
776,Мочевые камни неуточненные
777,Почечная колика неуточненная
778,Неизвестный диагноз
779,Киста почки приобретенная
780,Другие уточненные болезни почек и мочеточника
781,Болезнь почки и мочеточника неуточненная
782,Неизвестный диагноз
783,Острый цистит
784,Другой хронический цистит
785,Другие циститы
786,Цистит неуточненный
787,Другие нервно-мышечные дисфункции мочевого пузыря
788,Другие уточненные поражения мочевого пузыря
789,Уретрит неспецифический
790,Другие уретриты
791,Уретральный синдром неуточненный
792,Неизвестный диагноз
793,Посттравматическая стриктура уретры
794,Стриктура уретры неуточненная
795,Уретральный карункул
796,Неизвестный диагноз
797,Инфекция мочевыводящих путей без установленной локализации
798,Другие уточненные виды недержания мочи
799,Неизвестный диагноз
800,Острый простатит
801,Хронический простатит
802,Другие формы гидроцеле
803,Гидроцеле неуточненное
804,"Орхит, эпидидимит и эпидидимо-орхит без упоминания об абсцессе"
805,Неизвестный диагноз
806,Неизвестный диагноз
807,Баланопостит
808,Другие воспалительные болезни полового члена
809,Болезнь полового члена неуточненная
810,Неизвестный диагноз
811,Другие уточненные болезни мужских половых органов
812,Неизвестный диагноз
813,Диффузная кистозная мастопатия
814,Гипертрофия молочной железы
815,Образование в молочной железе неуточненное
816,Острый сальпингит и оофорит
817,Хронический сальпингит и оофорит
818,Неизвестный диагноз
819,Хронические воспалительные болезни матки
820,Неизвестный диагноз
821,Острый тазовый перитонит у женщин
822,Тазовые перитонеальные спайки у женщин
823,Неизвестный диагноз
824,Острый вагинит
825,Подострый и хронический вагинит
826,Острый вульвит
827,Подострый и хронический вульвит
828,Другие уточненные воспалительные болезни влагалища и вульвы
829,Неизвестный диагноз
830,Эндометриоз матки
831,Эндометриоз яичников
832,Эндометриоз ректовагинальной перегородки и влагалища
833,Цистоцеле
834,Неполное выпадение матки и влагалища
835,Полное выпадение матки и влагалища
836,Выпадение матки и влагалища неуточненное
837,Ректоцеле
838,Неизвестный диагноз
839,Неизвестный диагноз
840,Фолликулярная киста яичника
841,Киста желтого тела
842,Другие и неуточненные кисты яичника
843,Неизвестный диагноз
844,Полип тела матки
845,Полип шейки матки
846,Неизвестный диагноз
847,Железистая гиперплазия эндометрия
848,Другие уточненные невоспалительные болезни матки
849,Неизвестный диагноз
850,Слабовыраженная дисплазия шейки матки
851,Умеренная дисплазия шейки матки
852,"Резко выраженная дисплазия шейки матки, не классифицированная в других рубриках"
853,Дисплазия шейки матки неуточненная
854,Лейкоплакия вульвы
855,Вторичная аменорея
856,Аменорея неуточненная
857,Вторичная олигоменорея
858,Олигоменорея неуточненная
859,Обильные и частые менструации при регулярном цикле
860,Обильные и частые менструации при нерегулярном цикле
861,Овуляторные кровотечения
862,Другие уточненные формы нерегулярных менструаций
863,Нерегулярные менструации неуточненные
864,Неизвестный диагноз
865,Посткоитальные или контактные кровотечения
866,Другие уточненные аномальные кровотечения из матки и влагалища
867,Аномальное маточное и влагалищное кровотечение неуточненное
868,Синдром предменструального напряжения
869,Первичная дисменорея
870,Вторичная дисменорея
871,Дисменорея неуточненная
872,"Другие уточненные состояния, связанные с женскими половыми органами и менструальным циклом"
873,Неизвестный диагноз
874,Постменопаузные кровотечения
875,Менопаузное и климактерическое состояние у женщин
876,Постменопаузный атрофический вагинит
877,Менопаузные и перименопаузные нарушения неуточненные
878,Неизвестный диагноз
879,"Женское бесплодие, связанное с отсутствием овуляции"
880,Женское бесплодие трубного происхождения
881,"Женское бесплодие, связанное с мужскими факторами"
882,Другие формы женского бесплодия
883,Женское бесплодие неуточненное
884,Послеоперационные спайки в малом тазу
885,Внематочная беременность неуточненная
886,Угрожающий аборт
887,Рвота беременных легкая или умеренная
888,"Сахарный диабет, возникший во время беременности"
889,"Другие уточненные состояния, связанные с беременностью"
890,"Состояние, связанное с беременностью, неуточненное"
891,"Болезни системы кровообращения, осложняющие беременность, роды и послеродовой период"
892,Ишемия мозга
893,Врожденный стеноз аортального клапана
894,Врожденный порок сердца неуточненный
895,Артериовенозная аномалия развития прецеребральных сосудов
896,Артериовенозный порок развития церебральных сосудов
897,Другие врожденные аномалии тела и шейки матки
898,Неизвестный диагноз
899,Агенезия почки неуточненная
900,Тахикардия неуточненная
901,Другие и неуточненные аномалии сердечного ритма
902,Повышенное кровяное давление при отсутствии диагноза гипертензии
903,Кровохарканье
904,Одышка
905,Плеврит
906,"Другие уточненные симптомы и признаки, относящиеся к системам кровообращения и дыхания"
907,Острый живот
908,Боли в области таза и промежности
909,"Боли, локализованные в других областях нижней части живота"
910,Напряжение живота
911,Другие и неуточненные кожные изменения
912,Тремор неуточненный
913,"Другие и неуточненные симптомы и признаки, относящиеся к нервной и костно-мышечной системам"
914,Неизвестный диагноз
915,Неизвестный диагноз
916,"Другие трудности, связанные с мочеиспусканием"
917,Другие амнезии
918,Аносмия
919,Другие и неуточненные нарушения обоняния и вкусовой чувствительности
920,Дисфазия и афазия
921,Неизвестный диагноз
922,Лихорадка неуточненная
923,Неизвестный диагноз
924,Боль неуточненная
925,Неизвестный диагноз
926,Другие и неуточненные судороги
927,Неизвестный диагноз
928,Анормальная прибавка массы тела
929,Неизвестный диагноз
930,Другие уточненные отклонения от нормы химического состава крови
931,"Отклонения от нормы, выявленные при получении диагностического изображения в ходе исследования сердца и коронарного кровообращения"
932,"Отклонения от нормы, выявленные при проведении функциональных исследований сердечно-сосудистой системы"
933,Ушиб грудной клетки
934,Множественные переломы ребер
935,"Другие поверхностные травмы живота, нижней части спины и таза"
936,Перелом верхнего конца плечевой кости
937,Растяжение и повреждение капсульно-связочного аппарата плечевого сустава
938,Ушиб локтя
939,Неизвестный диагноз
940,Открытая рана других частей запястья и кисти
941,Перелом другого пальца кисти
942,Растяжение и повреждение капсульно-связочного аппарата на уровне запястья
943,Травматическая ампутация другого одного пальца кисти (полная) (частичная)
944,Травма приводящей мышцы бедра и ее сухожилия
945,Ушиб коленного сустава
946,Ушиб другой и неуточненной части голени
947,Поверхностная травма голени неуточненная
948,Разрыв мениска свежий
949,Растяжение и разрыв (внутренней) (наружной) боковой связки коленного сустава
950,Растяжение и разрыв других и неуточненных элементов коленного сустава
951,Травма голени неуточненная
952,Перелом пяточной кости
953,Неизвестный диагноз
954,Неизвестный диагноз
955,Неизвестный диагноз
956,Растяжение и повреждение связок голеностопного сустава
957,Травма голеностопного сустава и стопы неуточненная
958,Другие уточненные травмы с вовлечением нескольких областей тела
959,Травма неуточненная
960,"Термический ожог области плечевого пояса и верхней конечности, исключая запястье и кисть, неуточненной степени"
961,"Термический ожог области тазобедренного сустава и нижней конечности, исключая голеностопный сустав и стопу, неуточненной степени"
962,Химический ожог роговицы и конъюнктивального мешка
963,Неизвестный диагноз
964,Аллергия неуточненная
965,"Посттравматическая раневая инфекция, не классифицированная в других рубриках"
966,Неизвестный диагноз
967,Неизвестный диагноз
968,Общий медицинский осмотр
969,Рутинное обследование состояния здоровья ребенка
970,Другие общие осмотры
971,Гинекологическое обследование (общее) (рутинное)
972,Другое уточненное специальное обследование
973,Обследование в связи с получением водительских прав
974,Обращение в связи с получением медицинских документов
975,Наблюдение при подозрении на другие болезни или состояния
976,Наблюдение при подозрении на заболевание или состояние неуточненное
977,Обследование и наблюдение по другим уточненным поводам
978,Рутинная общая проверка здоровья других определенных групп населения
979,Неизвестный диагноз
980,Общие советы и консультации по контрацепции
981,Искусственное оплодотворение
982,Исследования и пробы по восстановлению детородной функции
983,Общее консультирование и советы по восстановлению детородной функции
984,Беременность подтвержденная
985,Неизвестный диагноз
986,Обращение за разъяснениями результатов исследования
987,Другая уточненная консультация
988,Употребление табака
989,Наличие колостомы
990,Наличие интраокулярных линз
